bus_number,source,destination,via,platform
87,MAJESTIC,HAMPINAGAR R.P.C. LAYOUT,"MAGADI ROAD, PRASANNA, PIPELINE ROAD",1
87-A,MAJESTIC,HAMPINAGAR R.P.C. LAYOUT,"MAGADI ROAD, PRASANNA, PIPELINE ROAD, RAILWAY GATE",1
87-B,MAJESTIC,NAYANDAHALLI RAILWAY GATE,"MAGADI ROAD, PRASANNA, PIPELINE ROAD, INCOME TAX, GANGONDANAHALLI",1
61,MAJESTIC,VIJAYANAGAR,"MAGADI ROAD, PRASANNA",2
61-A,MAJESTIC,CHANDRA LAYOUT,"SUJATHA, 6TH BLOCK, PRASANNA, VIJAYANAGAR, INCOME TAX",2
61-B,MAJESTIC,SARSWATHINAGAR (BAPOOJI LAYOUT),"MAGADI ROAD, PRASANNA, VIJAYANAGAR",2
61-C,MAJESTIC,BCC LAYOUT,"SUJATHA, 6TH BLOCK, PRASANNA, VIJAYANAGAR, ATTIGUPPE",2
61-E,MAJESTIC,VIJAYANAGAR TTMC,"SUJATHA, 6TH BLOCK, PRASANNA, VIJAYANAGAR, MARUTHI MANDIR",2
61-F,MAJESTIC,GKW LAYOUT,"SUJATHA, 6TH BLOCK, PRASANNA, VIJAYANAGAR",2
61-G,MAJESTIC,CHANDRA LAYOUT,"SUJATHA, PRASANNA, VIJAYANAGAR, INCOME TAX",2
61-G,MAJESTIC,CHANDRA LAYOUT 1ST STAGE,"SUJATHA, 6TH BLOCK, PRASANNA, VIJAYANAGAR, INCOME TAX, CHANDRA LAYOUT",2
61-M,MAJESTIC,VIDYAGIRI LAYOUT,"SUJATHA, 6TH BLOCK, PRASANNA, VIJAYANAGAR, INCOME TAX, CHANDRA LAYOUT",2
235-B,MAJESTIC,DODDABASTI,"MAGADI ROAD, PRASANNA, VIJAYANAGAR, MUDALAPALYA, NAGARBHAVI CIRCLE, MARIYAPPANAPALYA",3
235-D,MAJESTIC,SULIKERE,"MAGADI ROAD, PRASANNA, VIJAYANAGAR, MUDALAPALYA, NAGARBHAVI CIRCLE, RAMASANDRA",3
235-F,MAJESTIC,SPORTS AUTHORITY OF INDIA,"SUJATHA 6TH BLOCK, PRASANNA, VIJAYANAGAR, MUDALAPALYA, NAGARBHAVI CIRCLE, GANDHIBAVANA",3
235-K,MAJESTIC,DODDABASTI,"MAGADI ROAD, PRASANNA, VIJAYANAGAR, MUDALAPALYA, NAGARBHAVI CIRCLE, SONNENAHALLI",3
235-P,MAJESTIC,CHIKKANAHALLI,"MAGADI ROAD, PRASANNA, VIJAYANAGAR, MUDALAPALYA, NAGARBHAVI CIRCLE, SONNENAHALLI, DODDABASTI",3
235-Q,MAJESTIC,MARUTHI NAGAR,"MAGADI ROAD, PRASANNA, VIJAYANAGAR, MUDALAPALYA, BUC, ADM OFFICE, SONNENAHALLI",3
238,MAJESTIC,NRUPATHUNGANAGAR,"MAGADI ROAD, PRASANNA, VIJAYANAGAR, MUDALAPALYA, NAGARBHAVI CIRCLE",3
238-A,MAJESTIC,NAGARBHAVI 1ST STAGE (3RD BLOCK),"MAGADI ROAD, PRASANNA, VIJAYANAGAR, INCOME TAX, CHANDRA LAYOUT, NAGARBHAVI CIRCLE",3
238-AB,MAJESTIC,ITI LAYOUT,"MAGADI ROAD, PRASANNA, VIJAYANAGAR, INCOME TAX, CHANDRA LAYOUT, NAGARBHAVI CIRCLE",3
238-C,MAJESTIC,BANDE MARAMMA TEMPLE,"MAGADI ROAD, PRASANNA, VIJAYANAGAR, MUDALAPALYA, KALYAN NAGAR",3
238-L,MAJESTIC,AMBEDKAR COLLEGE,"SUJATHA 6TH BLOCK, PRASANNA, VIJAYANAGAR, MUDALAPALYA, NAGARBHAVI CIRCLE, NRUPATHUNGANAGAR",3
238-U,MAJESTIC,BANGALORE UNIVERSITY QUARTERS,"MAGADI ROAD, PRASANNA, VIJAYANAGAR, MUDALAPALYA, NAGARBHAVI CIRCLE, MALLATHAHALLI",3
238-V,MAJESTIC,AMBEDKAR COLLEGE,"PRASANNA, VIJAYANAGAR, MUDALAPALYA, NAGARBHAVI CIRCLE",3
238-W,MAJESTIC,NARASAPURA,"MAGADI ROAD, PRASANNA, VIJAYANAGAR, MUDALAPALYA, NAGARBHAVI CIRCLE, MALLATHAHALLI",3
238-ZA,MAJESTIC,ULLALU UPANAGARA,"MAGADI ROAD, PRASANNA, VIJAYANAGAR, MUDALAPALYA, NAGARBHAVI CIRCLE, MALLATHAHALLI CROSS, VIDYANIKETAN",3
223-P,MAJESTIC,UPKAR RESIDENCY LAYOUT,"MAGADI ROAD, PRASANNA, VIJAYANAGAR, INCOME TAX, CHANDRA LAYOUT, MALLATHAHALLI CROSS, BALAJI LAYOUT",3
223-PA,MAJESTIC,UPKAR RESIDENCY LAYOUT,"MAGADI ROAD, PRASANNA, VIJAYANAGAR, INCOME TAX, CHANDRA LAYOUT, MALLATHAHALLI CROSS, BALAJI LAYOUT",3
240-D,MAJESTIC,GOLLARAHATTI,"MAGADI ROAD, PRASANNA, A DASARAHALLI, KAMAKSHIPALYA, SUNKADAKATTE",4
240-H,MAJESTIC,G HOSAHALLI,"MAGADI ROAD, PRASANNA, A DASARAHALLI, KAMAKSHIPALYA, SUNKADAKATTE, BYADARAHALLI",4
240-R,MAJESTIC,MACHOHALLI,"MAGADI ROAD, PRASANNA, A DASARAHALLI, KAMAKSHIPALYA, SUNKADAKATTE, BYADARAHALLI",4
241-B,MAJESTIC,KENCHANAPURA,"MAGADI ROAD, PRASANNA, A DASARAHALLI, KAMAKSHIPALYA, SUNKADAKATTE, KODIGENAHALLI CROSS, KANNALI",4
241-CB,MAJESTIC,YELE KODIGENAHALLI,"MAGADI ROAD, PRASANNA, A DASARAHALLI, KAMAKSHIPALYA, SUNKADAKATTE, GOLLARAHATTI",4
241-D,MAJESTIC,BHARAT NAGAR 2ND STAGE,"MAGADI ROAD, PRASANNA, A DASARAHALLI, KAMAKSHIPALYA, SUNKADAKATTE, BHARAT NAGAR 3RD STAGE",4
241-H,MAJESTIC,MAHADESHWARA NAGAR,"MAGADI ROAD, PRASANNA, A DASARAHALLI, KAMAKSHIPALYA, SUNKADAKATTE",4
242-B,MAJESTIC,TAVAREKERE,"MAGADI ROAD, PRASANNA, A DASARAHALLI, KAMAKSHIPALYA, SUNKADAKATTE, KADABAGRE CROSS, CHANNENAHALLI",4-A
242-CB,MAJESTIC,THUNGANAGAR,"MAGADI ROAD, PRASANNA, A DASARAHALLI, KAMAKSHIPALYA, SUNKADAKATTE, BYADARAHALLI",4-A
242-T,MAJESTIC,HUNNIGERE,"SUJATHA 6TH BLOCK, PRASANNA, KAMAKSHIPALYA, SUNKADAKATTE, TAVAREKERE, MALLASANDRA, GERALLI",4-A
242-X,MAJESTIC,DODDERI VILLAGE,"MAGADI ROAD, PRASANNA, A DASARAHALLI, SUNKADAKATTE, TAVAREKERE, HULUVENAHALLI CROSS, CHANDRAPPA CIRCLE, BYALALU",4-A
242-Z,MAJESTIC,TIPPAGONDANAHALLI,"MAGADI ROAD, PRASANNA, A DASARAHALLI, SUNKADAKATTE, TAVAREKERE, GOLLARAHATTI, MARENAHALLI, CHOLANAYAKANAHALLI TB",4-A
242-ZD,MAJESTIC,KALLURU,"MAGADI ROAD, PRASANNA, TAVAREKERE, TIPPAGONDANAHALLI, SHANUBHOGANAHALLI",4-A
243-D,MAJESTIC,TIGALARAPALYA,"MAGADI ROAD, PRASANNA, SUNKADAKATTE, TUNGANAGAR, ANDRAHALLI",4-A
243-F,MAJESTIC,GIDADAKONENAHALLI,"MAGADI ROAD, PRASANNA, SUNKADAKATTE, EAST WEST COLLEGE",4-A
265,MAJESTIC,KBS-KBS,"MAGADI ROAD, PRASANNA, KAMAKSHIPALYA, SUNKADAKATTE, HEGGANAHALLI, PEENYA 2ND STAGE, JALAHALLI CROSS, YESHWANTHPUR",4-B
265-B,MAJESTIC,TIGALARAPALYA,"MAGADI ROAD, PRASANNA, KAMAKSHIPALYA, SUNKADAKATTE, HEGGANAHALLI, PEENYA 2ND STAGE, ANDRAHALLI",4-B
265-E,MAJESTIC,MATTIHALLI,"MAGADI ROAD, PRASANNA, KAMAKSHIPALYA, SUNKADAKATTE, HEGGANAHALLI, NTTF, JALAHALLI CROSS, MARANAYAKANAHALLI",4-B
G-7,MAJESTIC,JANAPRIYA TOWNSHIP,"SUJATHA, PRASANNA, SUNKADAKATTE, GOLLARAHATTI, KADABAGERE CROSS",4-B
88,MAJESTIC,BASAVESHWARANAGAR,"SUJATHA TALKIES, DHOBIGHAT",5
88-A,MAJESTIC,"BASAVESHWARANAGAR, SANE GURUVANAHALLI","BHASHYAM CIRCLE, DHOBIGHAT",5
96,MAJESTIC,BASAVESHWARANAGAR,"MALLESHWARAM CIRCLE, SHANKAR MUTT",5
96-A,MAJESTIC,BASAVESHWARANAGAR,"SUJATHA TALKIES, INDUSTRIAL TOWN",5
96-B,MAJESTIC,KAMALANAGARA,"INDUSTRIAL TOWN, BASAVESHWARANAGAR",5
96-D,MAJESTIC,KAMALANAGARA,"MARIYAPPANA PALYA, SHANKAR MUTT",5
96-E,MAJESTIC,BEML LAYOUT,"MALLESHWARAM CIRCLE, MODI HOSPITAL",5
96-F,MAJESTIC,BHEEMAJYOTHINAGAR,"MALLESHWARAM CIRCLE, MARIYAPPANA PALYA",5
96-G,MAJESTIC,SHANKARNAG BUS STAND,"NAGAPPA BLOCK, NAVARANG TALKIES",5
78-A,MAJESTIC,ISKON TEMPLE,"SUJATHA, RAJAJINAGAR 1ST BLOCK",6
78-E,MAJESTIC,YESHWANTHPUR RAILWAY STATION,"SUJATHA, ISKON TEMPLE",6
80,MAJESTIC,MAHALAKSHMI LAYOUT,"SUJATHA, RAJAJINAGAR 1ST BLOCK",6
80-A,MAJESTIC,NANDINI LAYOUT,"SUJATHA, MAHALAKSHMI LAYOUT",6
80-B,MAJESTIC,JAI MARUTHINAGARA CIRCLE,"SUJATHA, RAJAJINAGAR 1ST BLOCK",6
80-C,MAJESTIC,GORAGUNTE PALYA,"ESI, MAHALAKSMI LAYOUT",6
80-D,MAJESTIC,JAI MARUTHINAGAR,"SUJATHA, RAJAJINAGAR 1ST BLOCK",6
80-E,MAJESTIC,KRISHNANANDA NAGAR,"SUJATHA, MAHALAKSHMI LAYOUT",6
80-F,MAJESTIC,JAI BHUVANESHWARI NAGAR,"SUJATHA, KANTEERAVA STUDIO",6
80-G,MAJESTIC,SWATHANTHRA YODHARA NAGAR,"RAJAJINAGAR 1ST BLOCK, KANTEERAVA STUDIO",6-A
80-R,MAJESTIC,DR. RAJKUMAR PUNYA BHOOMI,"SUJATHA, MAHALAKSHMI LAYOUT, SHANKARA NAGAR",6-A
80-K,MAJESTIC,SAKAMMA LAYOUT,"SUJATHA, ESI, MAHALAKSHMI LAYOUT, JAI MARUTHI NAGAR",6-A
80-L,MAJESTIC,ASRAYA NAGAR,"ESI, MAHALAKSMI LAYOUT, KANTEERAVA NAGAR",6-A
89,MAJESTIC,KURUBARAHALLI,"SUJATHA, RAJAJINAGAR 1ST BLOCK",6-A
89-A,MAJESTIC,KAVERI NAGAR,"SUJATHA, SHANKAR MUTT",6-A
89-B,MAJESTIC,GELEYARA BALAGA,"SUJATHA, RAJAJINAGAR 1ST BLOCK",6-A
89-C,MAJESTIC,KURUBARAHALLI,"ESI, RAJAJINAGAR 1ST BLOCK",6-A
89-D,MAJESTIC,"KURUBARAHALLI, JC NAGAR","CENTRAL, HARISHCHANDRAGHAT, MODI HOSPITAL",6-A
89-E,MAJESTIC,KAVERI NAGAR,"SUJATHA, BHEEMAJYOTHINAGAR",7
89-F,MAJESTIC,GELEYARA BALAGA,"SUJATHA, RAJAJINAGAR 1ST BLOCK",7
252-F,MAJESTIC,PEENYA 2ND STAGE,"SUJATHA, MAHALAKSHMI LAYOUT",7
252-H,MAJESTIC,RAJEEVGHANDHI NAGAR,"SUJATHA, MAHALAKSHMI LAYOUT",7
264,MAJESTIC,JALAHALLI CROSS,"ESI, KRISHNANDANAGAR",7
267-A,MAJESTIC,CHOWDESHWARI NAGAR,"MAHALAKSHMI LAYOUT, SHANKARNAGAR",7
45-E,MAJESTIC,CHANNAMANNAKERE ACHUKATTU,"KR MARKET, KATHRIGUPPE",8-A
45-F,MAJESTIC,CHANNAMANNAKERE ACHUKATTU,"CHAMARAJAPETE, KATHRIGUPPE",8-A
45-G,MAJESTIC,AGS LAYOUT,"HOSAKEREHALLI CROSS, ITTAMADAVU",8-A
45-H,MAJESTIC,RAGHAVENDRA COLONY,"CORPORATION, CHAMARAJAPETE",8-B
45-H,MAJESTIC,"BHUVANESHWARI NAGAR, MAHALAKSHMI TEMPLE","COTTONPETE, CHAMARAJAPETE, BSK 3RD STAGE",8-B
45-K,MAJESTIC,DATTATREYA NAGAR,"KR MARKET, GANESHABHAVANA, ITTAMADUGU",8-B
45-M,MAJESTIC,CHANNAMMANAKERE ACHUKATTU,"KR MARKET, VIVEKANANDA NAGAR",8-B
49,MAJESTIC,RAGHAVENDRA COLONY,"CORPORATION, CHAMARAJAPETE",8-B
49-B,MAJESTIC,VITTAL NAGAR,"KR MARKET, CHAMARAJAPETE",8-B
210-P,MAJESTIC,CHIKKALLASANDRA,"THYAGARAJA NAGAR, PADMANABHA NAGAR",8-B
210-W,MAJESTIC,KARISHMA HILLS,"CORPORATION, PADMANABHA NAGAR",8-B
210-X,MAJESTIC,CHANDRA NAGAR,"KR MARKET, MANOTYPE",8-B
210-Z,MAJESTIC,NAYDU LAYOUT (CHIKKALLASANDRA),"KR MARKET, BANASHANKARI",8-B
210-A,MAJESTIC,ISRO LAYOUT,"KR MARKET, KUMARASWAMY LAYOUT",9
210-E,MAJESTIC,VASANTHAPURA,"TOWN HALL, UTTARAHALLI",9
210-I,MAJESTIC,CHIKKALLASANDRA,"CORPORATION, BANASHANKRI, BDA COMPLEX",9
210-J,MAJESTIC,RAMANJENEYA LAYOUT,"CORPORATION, PADMANABHA NAGAR",9
210-K,MAJESTIC,UTTARAHALLI,"CORPORATION, BANASHANKRI, BDA COMPLEX",9
210-KA,MAJESTIC,BHARATH CO-OPERATIVE SOCIETY,"KR MARKET, PADMANABHA NAGAR",9
210-NA,MAJESTIC,POORNAPRAGNA LAYOUT,"PADMANABHA NAGARA, UTTARAHALLI",9
36,MAJESTIC,SREENAGARA,"CORPORATION, LALBAGH MAIN GATE",10
36-A,MAJESTIC,AVALAHALLI BDA PARK,"KR MARKET, APEX BANK",10
36-B,MAJESTIC,GIRINAGARA EXTENSION,"CHAMARAJPETE, APEX BANK",10
36-D,MAJESTIC,MUNESHWARA BLOCK,"KR MARKET, APEX BANK",10
36-E,MAJESTIC,GIRINAGARA,"CORPORATION, APEX BANK",10
36-F,MAJESTIC,KALIDASA LAYOUT,"KR MARKET, SREENAGARA",10
36-H,MAJESTIC,GIRINAGARA,"CHAMARAJPETE, APEX BANK",10
36-G,MAJESTIC,AVALAHALLI NEW BDA LAYOUT,"KR MARKET, NAGENDRA BLOCK",10
10,MAJESTIC,AVALAHALLI BDA PARK,"CHAMARAJAPETE, ASHRAMA",10
2,MAJESTIC,JP NAGARA 6TH PHASE,"LALBAGH MAIN GATE, JAYNAGAR 4TH BLOCK",11
2-A,MAJESTIC,JP NAGARA 1ST PHASE,"CORPORATION, JAYNAGAR 4TH BLOCK",11
2-E,MAJESTIC,JP NAGAR 6TH PHASE,"LALBAGH MAIN GATE, JAYNAGAR 4TH BLOCK",11
2-G,MAJESTIC,JP NAGARA 3RD PHASE,"CORPORATION, JAYNAGAR 4TH BLOCK",11
210-R,MAJESTIC,VASANTHAPURA,"MONOTYPE, ISRO LAYOUT",11-A
210-U,MAJESTIC,KUMARSWAMY LAYOUT,"KR MARKET, MONOTYPE",11-A
211-B,MAJESTIC,SOMANAHALLI,"BANASHANKARI, KAGGALIPURA",11-A
211-F,MAJESTIC,KAGGALIPURA,"BANASHANKARI, KONANKUNTE CROSS",11-A
211-L,MAJESTIC,BCC LAYOUT (RAGUVANAHALLI),"KR MARKET, CORPORATION",11-A
212-B,MAJESTIC,MUNESHWARANAGAR,"CORPORATION, BANASHANKRI",11-A
212-D,MAJESTIC,AGARA,"CORPORATION, TALAGHATTAPURA",11-A
213-Z,MAJESTIC,HAROHALLI,"KR MARKET, UDAYANAPALYA",11-A
215-R,MAJESTIC,ESHAWARA LAYOUT,"VIJAYA COLLEGE, PUTTENAHALLI",11-B
215-G,MAJESTIC,SHRINIDHI LAYOUT (KOTTANUR),"KR MARKET, KONANAKUNTE CROSS",11-B
215-H,MAJESTIC,JAMBUSAVARI DINNE,"VIJAYA COLLEGE, KOTTANURU DINNE",11-B
215-I,MAJESTIC,PUNJAB NATIONAL BANK LAYOUT,"CORPORATION, JARAGANAHALLI",11-B
215-J,MAJESTIC,KOTTANURU,"VIJAYA COLLEGE, CHANCHAGHATTA",11-B
215-M,MAJESTIC,VINAYAKANAGAR,"CORPORATION, JAYNAGAR 5TH BLOCK",11-B
215-N,MAJESTIC,ANJANAPURA,"KR MARKET, SOUTH END CIRCLE",11-B
215-NA,MAJESTIC,AMRUTHANAGAR,MAHILA SEVA SAMAJA ANJANAPURA,11-B
12,MAJESTIC,BANASHANKARI,"LALBAGH MAIN GATE, VIJAYA COLLEGE",12
12-A,MAJESTIC,BANASHANKARI 2ND STAGE,"CORPORATION, VIJAYA COLLEGE",12
12-B,MAJESTIC,PADMANABHA NAGAR,"LALBAGH MAIN GATE, BANASHANKARI 2ND STAGE",12
12-C,MAJESTIC,PADMANABHA NAGAR,"CORPORATION, VIJAYA COLLEGE, TATA SILK FARM",12
12-D,MAJESTIC,KADIRENAHALLI PARK,"CORPORATION, VIJAYA COLLEGE",12
12-E,MAJESTIC,BANASHANKARI,"CORPORATION, SOUTHEND CIRCLE",12
12-F,MAJESTIC,CHIKKALLASANDRA,"LALBAGH MAIN GATE, MANOTYPE",12
15-C,MAJESTIC,KUMARSWAMY LAYOUT,"CORPORATION, VIJAYA COLLEGE, TATA SILK FARM",12
15-E,MAJESTIC,KUMARSWAMY LAYOUT,"KR MARKET, MANOTYPE",12
15-G,MAJESTIC,KUMARSWAMY LAYOUT 2ND STAGE,"TOWN HALL, MANOTYPE",12-A
15-H,MAJESTIC,JHB COLONY,"CORPORATION, KADIRENAHALLI CROSS",12-A
15-J,MAJESTIC,BANASHANKARI 2ND STAGE,"KR MARKET, MANOTYPE",12-A
15-L,MAJESTIC,MINAJ NAGAR,"KR MARKET, KADIRENAHALLI CROSS",12-A
25-F,MAJESTIC,BTM LAYOUT,"CORPORATION, VIJAYA COLLEGE",13-A
25-G,MAJESTIC,BTM LAYOUT,"CORPORATION, VIJAYA COLLEGE",13-A
25-H,MAJESTIC,KUVEMPUNAGAR,"CORPORATION, LALBAGH",13-A
25-K,MAJESTIC,"JP NAGAR 4TH STAGE, DOLLAR'S COLONY","MAHARANI COLLEGE, JAYNAGAR 4TH BLOCK",13-A
25-N,MAJESTIC,BTM 7TH MAIN ROAD,"CORPORATION, ASHOKA PILLAR, JAYNAGAR 4TH BLOCK EAST",13-A
25-J,MAJESTIC,KUVEMPUNAGAR,"CORPORATION, ASHOKA PILLAR",13-A
364-A,MAJESTIC,MICO SHRAMAJEEVI COLONY,"CORPORATION, SOUTHEND CIRCLE, BILEKALLI",13-A
364-B,MAJESTIC,DEVARACHIKKANAHALLI,"CORPORATION, SOUTHEND CIRCLE, VIJAYA BANK COLONY",13-A
364-C,MAJESTIC,VIJAYA BANK COLONY,"CORPORATION, SOUTHEND CIRCLE",13-A
364-F,MAJESTIC,NARAYANAPPANA HALLI,"SHANTINAGAR, JAYADEVA HOSPITAL",13-B
364-G,MAJESTIC,KODICHIKKANA HALLI,"CORPORATION, JAYADEVA HOSPITAL",13-B
165-G,MAJESTIC,KORAMANGALA 8TH BLOCK,"CORPORATION, WILSON GARDEN",14-A
168-D,MAJESTIC,TAVAREKERE,"CORPORATION, NIMHANS",14-A
168-E,MAJESTIC,JAI BHEEMANAGARA,"CORPORATION, NIMHANS",14-A
168-F,MAJESTIC,OLD GURAPPANAPALYA,"SHANTHINAGAR, NIMHANS",14-A
171,MAJESTIC,KORAMANGALA,"CORPORATION, BANGALORE DAIRY",14-A
171-B,MAJESTIC,KORAMANGALA 8TH BLOCK,"SHANTHINAGAR, WILSON GARDEN",14-A
171-C,MAJESTIC,KORAMANGALA KENDRIYA SADANA,"NIMHANS, BANGLORE DAIRY",14-A
171-D,MAJESTIC,VENKATAPURA,"CORPORATION, BANGALORE DAIRY",14-A
171-F,MAJESTIC,KORAMANGALA HOUSING COMPANY,"SHANTI NAGAR, BANGLORE DAIRY",14-B
171-G,MAJESTIC,KORAMANGALA,"CORPORATION, HOSUR ROAD, KALYANA MANTAPA",14-B
171-H,MAJESTIC,KORAMANGALA HOUSING COMPANY,"CORPORATION, DAIRY, AUDUGODI",14-B
171-J,MAJESTIC,KORAMANGALA,"BANGLORE DAIRY, KRM, KALYANA MANTAPA",14-B
171-PP,MAJESTIC,KORAMNAGALA,"CORPORATION, DAIRY, AUDUGODI",14-B
353-C,MAJESTIC,JIGANI,"MADIVALA, RAJAPURA",15-D
354-C,MAJESTIC,MARASUR,"MADIVALA, KOODLU GATE, IGLURU",15-D
355-A,MAJESTIC,SREERAMPURA,"HEBBAGODI, MARADEVANHALLI",15-D
355-C,MAJESTIC,JIGANI,"KOODLU GATE, TEMPLE CROSS",15-D
355-Q,MAJESTIC,DYAVASANDRA,"MADIVALA, KONAPPANA AGRAHARA",15-D
356,MAJESTIC,CHANDAPURA,"SINGASANDRA, BTL COLLEGE",15-D
356-A,MAJESTIC,TATTANAHALLI,"KOODLU GATE, BYRADEVAHALLI",15-D
356-C,MAJESTIC,ELECTRONIC CITY,"SINGASANDRA, KONAPPANA AGRAHARA",15-D
356-D,MAJESTIC,SAMPUGENAGAR,"MADIVALA, HUSKURU GATE",15-D
335-A,MAJESTIC,SATHYA SAI HOSPITAL,"MILITARY HOSPITAL, MARATHAHALLI",17-D
335-F,MAJESTIC,LAL BAHADUR SHASTRI NAGAR,"MAYOHALL, HAL MAIN GATE",17-D
336-B,MAJESTIC,KEMPAPURA,"DOMLURU, YAMALURU",17-D
381,MAJESTIC,THIMMASANDRA,"HALASURU, HALAPPANAHALLI",17-D
131,MAJESTIC,DOOPANAHALLI,"CORPORATION, ULSOOR",18
131-B,MAJESTIC,OLD BYAPPANAHALLI,"MAYOHALL, ULSOOR",18
131-C,MAJESTIC,DOMLURU,"ULSOOR, DOOPANAHALLI",18
314-H,MAJESTIC,DOMLURU,MALLESHPALYA,18
314-D,MAJESTIC,"INDIRANAGAR, ESI HOSPITAL",VIGNANANAGAR,18
314-B,MAJESTIC,JEEVANABHIMA NAGAR,C.V. RAMAN NAGAR,18
138-D,MAJESTIC,JEEVANABHIMA NAGAR,"K.R. CIRCLE, ULSOOR",18
314-B,MAJESTIC,C.V. RAMAN NAGAR,"HALASURU, NAGAVARAPALYA",18-A
314-D,MAJESTIC,VIGNYANA NAGAR,"MAYOHALL, MALLESHPALYA",18-A
314-E,MAJESTIC,D.R.D.O. TOWNSHIP,"HALASURU, KAGGADASAPURA",18-A
314-G,MAJESTIC,BYRASANDRA,"MEYOHALLI, BEML GATE",18-A
314-H,MAJESTIC,MALLESH PALYA,"CORPORATION, THIPPASANDRA CROSS",18-A
314-T,MAJESTIC,BASAVANAGAR,"HALASURU, MALLESH PALYA",18-A
314-X,MAJESTIC,ABBAIAREDDY LAYOUT,"HALASURU, VIGNANANAGAR",18-A
314-Z,MAJESTIC,JAGADISHANAGAR,"HALASURU, BEML GATE",18-A
126,MAJESTIC,JEEVANAHALLI,"INDIAN EXPRESS, COLES PARK",19
129,MAJESTIC,SHIVAJINAGAR,"VIDHANA SOUDHA, INDIAN EXPRESS",19
290,MAJESTIC,NAGAVARA,"VIDHAN SOUDHA, COLES PARK",19
290-B,MAJESTIC,NAGAVARA,"INDIAN EXPRESS, CANTONMENT",19
290-T,MAJESTIC,HBR LAYOUT 1ST STAGE,"INDIAN EXPRESS, KACHAKANAHALLI",19
290-J,MAJESTIC,MESTRI PALYA,"INDIAN EXPRESS, NAGAVARA",19
291-H,MAJESTIC,RK HEGDE NAGAR,"VIDHANA SOUDHA, MUSLIM COLONY",19
291-M,MAJESTIC,GOVINDAPURA,"INDIAN EXPRESS, COLES PARK",19
302-F,MAJESTIC,BABASAB PALYA,"COLES PARK, SUBBAIAHNA PALYA",19
302-B,MAJESTIC,JALAVAYU VIHARA,"ITC FACTORY, KAMMANAHALLI",19
302-K,MAJESTIC,LINGARAJAPURA KHB COLONY,"KR CIRCLE, MARUTHISEVANAGAR",19
302-N,MAJESTIC,KALYANANAGAR,"VASANTHANAGAR, COLES PARK",19
302-A,MAJESTIC,BABASAB PALYA,"KR CIRCLE, ITC FACTORY",19
292-A,MAJESTIC,K NARAYANAPURA,"SHIVANANDA STORE, HEBBALA",19-A
292-B,MAJESTIC,NAGARESH NAGENAHALLI,"CONTONMENT, LINGARAJAPURA",19-A
292-C,MAJESTIC,K NARAYANAPURA,"INDIAN EXPRESS, ITC",19-A
293-N,MAJESTIC,GEDDALAHALLI,"INDIAN EXPRESS, COLES PARK",19-A
293-H,MAJESTIC,DASANAYAKANAHALLI,"INDIAN EXPRESS, BAGALURU",19-A
294-E,MAJESTIC,BILISHIVALAYA,"INDIAN EXPRESS, KACHAKANAHALLI",19-A
295-A,MAJESTIC,DODDAGUBBI,"CONTONMENT, HENNUR CROSS",19-A
295-B,MAJESTIC,ANGALIPURA,"INDIAN EXPRESS, GEDDALAHALLI",19-A
296-A,MAJESTIC,YARABNAHALLI,"PULKESHINAGAR, CHIKKAGUBBI CROSS",19-A
296-B,MAJESTIC,HBR LAYOUT 5TH STAGE,"COLES PARK, HBR LAYOUT, K.P.T.C.L. OFFICE",19-B
296-C,MAJESTIC,KALYANANAGAR,"COLES PARK, LINGARAJAPURA",19-B
296-N,MAJESTIC,KADA AGRHARA,"VASANTHANAGAR, CLARENCE SCHOOL",19-B
296-T,MAJESTIC,HBR LAYOUT 1ST STAGE,"CLARENCE SCHOL, KACHARAKANAHALLI",19-B
296-V,MAJESTIC,"HBR, BDA COMPLEX","CONTONMENT, LINGARAJAPURA",19-B
300-B,MAJESTIC,BANASWADI,"MARUTHI, SEVANAGAR",19-B
300-C,MAJESTIC,K.R. PURAM,"COLES PARK, BANASWADI",19-B
415-H,MAJESTIC,AMARAJYOTHI LAYOUT,"HEBBALA, NAGAWARA",19-B
56,MAJESTIC,JAGAJEEVANRAM NAGAR,"KR MARKET, SIRASI CIRCLE",19-C
57-A,MAJESTIC,BAPUJINAGAR,"CORPORATION, SIRASI CIRCLE",19-C
58,MAJESTIC,TIMBER YARD LAYOUT,"CORPORATION, NEW GUDDADAHALLI",19-C
58-C,MAJESTIC,TELECOM LAYOUT,"KR MARKET, BAPUJINAGAR",19-C
59-D,MAJESTIC,NAYANDAHALLI RAILWAY GATE,"KR MARKET, ATTIGUPPE",19-C
218-A,MAJESTIC,KAMBIPURA,"M.C.T.C. BUS STATION, KENGERI",19-C
221-A,MAJESTIC,TAVAREKERE,"NAYANDAHALLI, KOMMAGHATTA",19-C
222-C,MAJESTIC,NAGADEVANAHALLI,"BAPUJINAGAR, NAYANDAHALLI, KENGERI",19-D
225-CB,MAJESTIC,B.H.E.L. LAYOUT,"COTTONPETE, R.R. TEMPLE, B.H.E.L. LAYOUT CROSS",19-D
225-G,MAJESTIC,BANGARAPPANAGAR,"KR MARKET, BPUJINAGAR, DEVADIGA SOUDHA",19-D
225-H,MAJESTIC,SHAKTI HILLS RESORTS,"COTTONPETE, NAYANDAHALLI, DEVADIGA SOUDHA",19-D
405,MAJESTIC,KEMPEGOWDA BUS STATION,"COTTONPETE, R.V. COLLEGE, MALLATHAHALLI, KAMAKSHIPALYA",19-D
250-S,MAJESTIC,GELEYARA BALAGA,"YESHWANTHPUR, DASARAHALLI",20-A
250-Y,MAJESTIC,KUDARAGERE COLONY,"YESHWANTHPUR, SEEDEDAHALLI",20-A
250-SA,MAJESTIC,KUDARAGERE,"R.M.C. YARD, THOTADAGUDDAHALLI",20-A
250-CB,MAJESTIC,MALLASANDRA,"R.M.C. YARD, BAGALAGUNTE CROSS",20-A
251-B,MAJESTIC,RAJANUKUNTE,"YESHWANTHPUR, HESARAGHATTA CROSS",20-A
252,MAJESTIC,PEENYA 2ND STAGE,"YESHWANTHPUR, JALAHALLI CROSS",20-A
252-C,MAJESTIC,MACHOHALLI,"YESHWANTHPUR, SUNKADAKATTE",20-A
252-D,MAJESTIC,RAJNI FORUM,"YESHWANTHPUR, JALAHALLI CROSS",20-A
252-E,MAJESTIC,LAGGERE,"R.M.C. YARD, JALAHALLI CROSS",20-A
258-T,MAJESTIC,KANNAMANGALA,"DASARAHALLI, NELAMANGALA",20-C
258-VA,MAJESTIC,BYRASANDRA,"JALAHALLI CROSS, NELAMANGALA",20-C
258-VB,MAJESTIC,CHIKKAMARANAHALLI,"YESHWANTHPUR, NELAMANGALA",20-C
258-VD,MAJESTIC,BETTASANDRA,"JALAHALLI CROSS, NELAMANGALA",20-C
258-WA,MAJESTIC,JODIRAGITHIMMASANDRA,"YESHWANTHPUR, NELAMANGALA",20-C
261,MAJESTIC,PEENYA 2ND STAGE,MALLESHWARAM RAILWAY STATION,20-C
263-D,MAJESTIC,K.R.S. GOWDA LAYOUT,"YESHWANTHPUR, DASARAHALLI",20-C
263-F,MAJESTIC,BYADARAHALLI,"MALLESHWARAM, NELAGEDARANAHALLI",20-C
263-G,MAJESTIC,GANGONDANAHALLI,"YESHWANTHPUR, NELAGEDARANAHALLI",20-C
82,MAJESTIC,MAJESTIC,"HARISHCHANDRAGHAT, YESHWANTHPUR",21
82-A,MAJESTIC,YESHWANTHPUR RAILWAY STATION,"MALLESHWARAM, YESHWANTHPUR",21
82-C,MAJESTIC,YESHWANTHPUR RAILWAY STATION,"CENTRAL, YESHWANTHPUR",21
90-E,MAJESTIC,YESHWANTHPUR RAILWAY STATION,"CENTRAL, YESHWANTHPUR",21
98-B,MAJESTIC,RMV 2ND STAGE,"MALLESHWARAM, DEVASANDRA",21
98-E,MAJESTIC,LAKSHMIDEVI NAGAR,"YESHWANTHPUR, KANTIRAVANAGAR",21
98-F,MAJESTIC,VIDHANASOUDHA LAYOUT,"MALLESHWARAM 8TH CROSS, GORGUNTEPALYA",21
98-G,MAJESTIC,LOTTEGOLLAHALLI,"MALLESHWARAM, DEVASANDRA",21
99-B,MAJESTIC,CHOWDESHWARI BUS STAND,"MALLESHWARAM, MATTHIKERE",21
266-H,MAJESTIC,MARASANDRA CIRCLE,"MATTHIKERE, MS PALYA, DIBBUR",22
269,MAJESTIC,RAMACHANDRAPURA,"MALLESHWARAM, BEL CIRCLE",22
269-B,MAJESTIC,VIDYARANYAPURA,"MATTHIKERE, BALIGA CIRCLE",22
271,MAJESTIC,JALAHALLI EAST AREA CAMP,"BEL CIRCLE, JALAHALLI EAST",22
271-A,MAJESTIC,ABBIGERE,"MATTHIKERE, GANGAMMA CIRCLE",22
271-B,MAJESTIC,KUVEMPUNAGAR 2ND STAGE,MATTHIKERE,22
271-C,MAJESTIC,SINGAPURA,"BEL MARKET, KUVEMPUNAGAR",22
271-D,MAJESTIC,JALAHALLI VILLAGE,"MALLESHWARAM, MUTHYALANAGAR",22
271-E,MAJESTIC,VEERASAGARA,"MALLESHWARAM, MS PALYA",22
276,MAJESTIC,VIDYARANYAPURA,"MALLESHWARAM, DEVASANDRA",22-B
276-C,MAJESTIC,LOTTEGOLLAHALLI,"MALLESHWARAM, DEVASANDRA",22-B
276-J,MAJESTIC,YELAHANKA,"MATHIKERE, ATTUR LAYOUT",22-B
279-C,MAJESTIC,TATANAGAR,"MEKHRI CIRCLE, NAGASHETTIHALLI",23
279-E,MAJESTIC,BHOOPASANDRA,"RAJMAHAL GUTTAHALLI, GEDDALAHALLI",23
279-K,MAJESTIC,PATELAPPA LAYOUT,"MEKHRI CIRCLE, ASHWATHNAGAR",23
281-F,MAJESTIC,KANNAMANGALA GATE,"MEKHRI CIRCLE, HUNASAMARANAHALLI",23
282-F,MAJESTIC,MARANAYAKANAHALLI,"HEBBAL, BETTAHALASURU CROSS",23
282-G,MAJESTIC,KODAGALAHATTI,"MEKHRI CIRCLE, YELAHANKA",23
284,MAJESTIC,YELAHANKA,"MEKHRI CIRCLE, BYATARAYANAPURA",23
284-C,MAJESTIC,NYAYANGA BADAVANE,"RAJMAHAL GUTTAHALLI, ALLALASANDRA",23
415-H,MAJESTIC,AMARJYOTHI LAYOUT,"HEBBALA, NAGAVARA",23
284-D,MAJESTIC,YELAHANKA NEW TOWN,"RAJMAHAL GUTTAHALLI, BYATARAYANAPURA",23-A
285-M,MAJESTIC,DODDABALLAPURA,"BYATARAYANAPURA, RAJANUKUNTE",23-A
286-F,MAJESTIC,K NARAYANAPURA,"HEBBALA, BYATARAYANAPURA",23-A
286-G,MAJESTIC,JAKKUR,"MEKHRI CIRCLE, BYATARAYANAPURA",23-A
287-G,MAJESTIC,COFFEE BOARD LAYOUT,"MEKHRI CIRCLE, MILITARY DAIRY FORUM",23-A
287-J,MAJESTIC,CHAMUNDESHWARINAGAR,"RAJMAHAL GUTTAHALLI, HEBBAL",23-A
288-D,MAJESTIC,KODIGEHALLI,"MEKHRI CIRCLE, HEBBAL",23-A
288-G,MAJESTIC,KODIGEHALLI CANARA BANK COLONY,"MEKHRI CIRCLE, HEBBAL",23-A
288-H,MAJESTIC,THINDLU,"MEKHRI CIRCLE, SANJEEVINI NAGAR",23-B
289-M,MAJESTIC,BEGUR,"MEKHRI CIRCLE, YELAHANKA",23-B
297-G,MAJESTIC,NERAGANAHALLI,"HEBBALA, SADAHALLI",23-B
298-G,MAJESTIC,ERATAGANAHALLI,"HEBBAL, CHIKKAJALA",23-B
298-M,MAJESTIC,DEVANAHALLI,"YELAHANKA, CHIKKAJALA",23-B
298-MA,MAJESTIC,BOMMAVARA,"HEBBAL, KANNAMANGALA GATE",23-B
402-B,MAJESTIC,YELAHANKA NEW TOWN 5TH STAGE,"HEBBAL, YELAHANKA NEW TOWN",23-B
297-J,MAJESTIC,NERAGANAHALLI,"HEBBALA, SADAHALLI",23-C
298-G,MAJESTIC,ERATAGANAHALLI,"HEBBALA, CHIKKAJALA",23-C
298-M,MAJESTIC,DEVANAHALLI,"YELAHANKA, CHIKKAJALA",23-C
298-MA,MAJESTIC,BOMMAVARA,"HEBBAL, KANNAMANGALA GATE",23-C
402-B,MAJESTIC,YELAHANKA NEW TOWN 5TH STAGE,"HEBBAL, YELAHANKA NEW TOWN",23-C
108-B,MAJESTIC,GANGANAGAR,"VASANTHANAGAR, MUNIREDDYPALYA",24
111-C,MAJESTIC,KAVALBYRASANDRA,"VASANTHANAGAR, MUNIREDDYPALYA",24
114-C,MAJESTIC,SULTHANAPALYA,"VASANTHANAGAR, MUNIREDDYPALYA",24
415-A,MAJESTIC,SHYAMPUR,"VASANTHANAGAR, HMT LAYOUT",24
415-B,MAJESTIC,VISHWANATHA NAGENAHALLI,"VASANTHANAGAR, HMT LAYOUT",24
104,MAJESTIC,SADASHIVANAGAR,"CENTRAL, MALLESHWARAM",25
145,MAJESTIC,NEELASANDRA,"CORPORATION, NANJAPPA CIRCLE, AUSTIN TOWN",25-A
145-A,MAJESTIC,NEELASANDRA ROSE GARDEN,"CORPORATION, NANJAPPA CIRCLE, AUSTIN TOWN, NEELASANDRA",25-A
146,MAJESTIC,VIVEK NAGAR,"CORPORATION, NANJAPPA CIRCLE, AUSTIN TOWN",25-A
146-B,MAJESTIC,SRINIVAGILU,"CORPORATION, NANJAPPA CIRCLE, AUSTIN TOWN, EJIPURA",25-A
146-E,MAJESTIC,EJIPURA,"CORPORATION, NANJAPPA CIRCLE, AUSTIN TOWN, VIVEK NAGAR",25-A
340-A,MAJESTIC,H.S.R. LAYOUT (CAMBRIDGE SCHOOL),"MAHARANI COLLEGE, DIARY CIRCLE, AGARA, PARANGIPALYA",25-B
340-M,MAJESTIC,H.S.R. 2ND SECTOR (CAMBRIDGE SCHOOL),"MAHARANI COLLEGE, WILSON GARDEN, JAKKASANDRA, PARANGIPALYA",25-B
340-L,MAJESTIC,HOSUR MAIN ROAD,"CORPORATION, BELLANDUR MAIN ROAD, CENTRAL JAIL",25-B
340-H,MAJESTIC,KORAMANGALA,"CORPORATION, DIARY CIRCLE",25-B
340-G,MAJESTIC,BDA COMPLEX,"ADUGODI, JAKKASANDRA, H.S.R. LAYOUT 2ND SECTOR",25-B
340-F,MAJESTIC,PARANGIPALYA,"WILSON GARDEN, ADUGODI",25-B
341-D,MAJESTIC,BELANDURU,"CORPORATION, DIARY CIRCLE, AGADA",25-B
341-E,MAJESTIC,HARALUR,"CORPORATION, JAKKASANDRA, HARALUR CROSS",25-B
342-F,MAJESTIC,SARJAPUR,"CORPORATION, JAKKASANDRA, DODDAKANNELLI, AMERE",25-B
KBS-3A,MAJESTIC,ATTIBELE,"MADIWALA, BOMMANAHALLI, SINGASANDRA, HEBBAGODI, CHANDAPURA",26
KBS-3C,MAJESTIC,CHANDAPURA,"MADIWALA, BOMMANAHALLI, SINGASANDRA, HEBBAGODI, NARAYANA HRUDAYALAYA",26
KBS-3E,MAJESTIC,ELECTRONIC CITY WIPRO GATE,"MADIWALA, BOMMANAHALLI, KONAPPANA AGRAHARA",26
342-F,MAJESTIC,SARJAPURA,"CORPORATION, SHANTHI NAGAR, KORAMANGALA 1ST BLOCK, BELLANDUR GATE",26
343-A,MAJESTIC,HULLAHALLI,"MADIWALA, BOMMANAHALLI, HONGSANDRA, BETTADASANAPURA CROSS",26
343-B,MAJESTIC,KODICHIKKANAHALLI,LALBAGH,26
343-L,MAJESTIC,HONGASANDRA MICO LAYOUT,"MADIWALA, BOMMANAHALLI, HONGASANDRA",26
343-K,MAJESTIC,VISHWAPRIYA LAYOUT,"MADIWALA, BOMMANAHALLI, HONGASANDRA",26
344-B,MAJESTIC,BETTADASANAPURA,"MADIWALA, BOMMANAHALLI, BEGURU",26
346-C,MAJESTIC,RAYASANDRA,"BANGLORE DAIRY, MADIWALA, KUDLE GATE, HOSA ROAD",26-A
346-H,MAJESTIC,PARAPPANA AGRAHARA,"BANGLORE DAIRY, MADIWALA, KUDLE GATE, HOSA ROAD",26-A
346-CK,MAJESTIC,KARNATAKA SLUM BOARD,"MADIWALA, HOSA ROAD, CENTRAL JAIL",26-A
347-H,MAJESTIC,BASAPURA,"MADIWALA, SINGASANDRA, HOSA ROAD",26-A
346-N,MAJESTIC,DODDATHOGURU MUNESHWARA TEMPLE,"MADIWALA, SINGASANDRA, KONAPPANA AGRAHARA",26-A
346-V,MAJESTIC,DODDANAGAMANGALA,"MADIWALA, BOMMANAHALLI, SINGASANDRA",26-A
347-B,MAJESTIC,KUDLU,"MADIWALA, BOMMANAHALLI",26-A
347-C,MAJESTIC,CHIKKA BEGUR,"MADIWALA, BOMMANAHALLI, HOSA ROAD",26-A
347-HD,MAJESTIC,DEVENDRA NAGAR (CHIKKATHOGURU),"MADIWALA, BOMMANAHALLI, HOSA ROAD, CHIKKATHOGURU",26-A
347-E,MAJESTIC,SOMASUNDARAPALYA,"MADIWALA, BOMMANAHALLI, KUDLUGATE",26-A
347-L,MAJESTIC,HOSAPALYA,"MADIWALA, BOMMANAHALLI, KUDLUGATE, SOMASUNDARAPALYA",26-A
348,MAJESTIC,MANGAMMANA PALYA,"MADIWALA, SI APARTMENT",26-A
351-A,MAJESTIC,NARAYANAGHATTA,"MADIWALA, HEBBAGODI, CHANDAPURA, RAMASANDRA",26-B
351-J,MAJESTIC,HANDENAHALLI,"MADIWALA, HEBBAGODI, CHANDAPURA, RAMASANDRA, MUTTA NELLORU",26-B
352-A,MAJESTIC,HENNAGARA,"MADIWALA, HEBBAGODI, KITHAGANUR",26-B
352-B,MAJESTIC,MASTENAHALLI,"MADIWALA, HEBBAGODI, HENNAGARA",26-B
353-C,MAJESTIC,JIGANI,"MADIWALA, HEBBAGODI, HINMAKKI, SHITANAYAKANAHALLI, MADAPATTANA",26-B
354-B,MAJESTIC,SHETTIHALLI,"LALBAGH, MADIWALA, HEBBAGODI, CHANDAPURA, HIGGALURU",26-B
354-C,MAJESTIC,MARASUR,"MADIWALA, HEBBAGODI, CHANDAPURA, HIGGALURU",26-B
355-A,MAJESTIC,SRIRAMPURA,"MADIWALA, HEBBAGODI, ARMADALLI",26-B
355-E,MAJESTIC,BANDENALLASANDRA,"MADIWALA, HEBBAGODI, BIOCON FACTORY, KYALASANAHALLI",26-B
356-A,MAJESTIC,THATTNAHALLI,"MADIWALA, HEBBAGODI, CHANDAPURA, HIGGALURU",26-C
356-D,MAJESTIC,SAMPIGENAGAR,"MADIWALA, KUDLUGATE, HUSKUR GATE",26-C
356-H,MAJESTIC,SURYANAGAR (CHANDAPUR),"MADIWALA, HEBBAGODI, CHANDAPURA",26-C
356-M,MAJESTIC,ANEKAL,"MADIWALA, HEBBAGODI, CHANDAPURA, JGGALURU, TARAPUR GATE",26-C
356-CB,MAJESTIC,ELECTRONIC CITY 2ND STAGE,"MADIWALA, KONAPPANA AGRAHARA",26-C
358-A,MAJESTIC,SAMANDURU,"MADIWALA, HEBBAGODI, CHANDAPURA, GUTTADAHATTI CROSS, KAMBLIPURA TEMPLE",26-C
360-B,MAJESTIC,ATTIBELE,"MADIWALA, HEBBAGODI, CHANDAPURA",26-C
360-J,MAJESTIC,ATTIBELE,"LALBAGH, MADIWALA, HEBBAGODI, CHANDAPURA",26-C
365,MAJESTIC,BANNERGHATTA NATIONAL PARK,"BANGALORE DAIRY, GOTTIGERE, KALKERE",27
365-C,MAJESTIC,KOPPA,"BANGALORE DAIRY, BILEKANAHALLI, BASAVANAPURA, KOPPA GATE",27
365-D,MAJESTIC,BILVARADAHALLI,"BANGALORE DAIRY, GOTTIGERE, BASAVANAPURA",27
365-E,MAJESTIC,SHANUBHOGANAHALLI,"BANGALORE DAIRY, GOTTIGERE, BILAVARADAHALLI",27
365-F,MAJESTIC,NOSENURU,"BANGALORE DIARY, GOTTIGERE, KOPPA GATE, JIGANI, HARAGADDE",27
365-J,MAJESTIC,JIGANI,"BANGALORE DIARY, GOTTIGERE, BANNERGHATTA CIRCLE, KOPPA GATE",27
365-N,MAJESTIC,GEDDENAHALLI,"BANGALORE DIARY, GOTTIGERE, JIGANI, GOWDANAHALLI",27
365-P,MAJESTIC,ANEKAL,"BANGALORE DIARY, GOTTIGERE, BANNERGHATTA CIRCLE, HARAGADDE",27
369-C,MAJESTIC,HULIMAVU,"BANGALORE DIARY, BILEKANAHALLI, HULIMAVU GATE",27-A
369-D,MAJESTIC,SHANTINIKETAN LAYOUT,"BANGALORE DIARY, BILEKANAHALLI, AREKERE GATE",27-A
369-J,MAJESTIC,C.K. PALYA,"BANGALORE DIARY, HULIMAVU GATE, CHIKKAMMANAHALLI",27-A
365-Q,MAJESTIC,DYAVASANDRA,"BANGALORE DIARY, HULIMAVU GATE, JIGANI HARAGADDE",27-A
365-R,MAJESTIC,BASAVANAPURA,"BANGALORE DIARY, HULIMAVU GATE, GOTTIGERE",27-A
365-W,MAJESTIC,VADERA MANCHENAHALLI,"BANGALORE DIARY, HULIMAVU GATE, KALKERE, JIGANI",27-A
367-F,MAJESTIC,PILLAGANAHALLI,"BANGALORE DIARY, HULIMAVU GATE, BASAVANAPURA GATE",27-A
369-CA,MAJESTIC,CHIKKAMMANAHALLI,"BANGALORE DIARY, BILEKANAHALLI, HULIMAVU",27-A
369-H,MAJESTIC,MICO SHRAMAJEEVI COLONY,"BANGALORE DIARY, BILEKANAHALLI, AREKERE GATE",27-A
369-F,MAJESTIC,HOMMADEVANAHALLI,"BANGALORE DIARY, BILEKANAHALLI, CHIKKAMMANAHALLI",27-A
372-F,MAJESTIC,NISARGA BADAVANE,"BANGALORE DIARY, BILEKANAHALLI, KALKERE, KOPPA GATE",27-A
304-R,MAJESTIC,B.N. BACHE GOWDA BADAVANE,"CORPORATION,HALASURU, K.R. PURAM RAILWAY STATION, CHANNASANDRA, MEDIMALLASANDRA, NARAYANAKERE",28
304-L,MAJESTIC,MEDIMALLASANDRA,"CORPORATION, HALASURU, K.R. PURAM RAILWAY STATION, GARUDACHAR PALYA, HOODI, BODANA HOSAHALLI, DUNNASANDRA",28
304-X,MAJESTIC,AREHALLI,"HALASURU, K.R. PURAM RAILWAY STATION, CHANNASANDRA, DUNNASANDRA",28
304-J,MAJESTIC,KALKUNTE AGRAHARA,"CORPORATION, HALASURU, GARUDACHAR PALYA, HOPE FARM, DUNNASANDRA",28
304-Z,MAJESTIC,CHIKKA THIRUPATHI,"GARUDACHAR PALYA, BODANA HOSAHALLI, KALKUNTE AGRAHARA",28
305-D,MAJESTIC,CHANNASANDRA,"HALASURI, GARUDACHAR PALYA, HOPE FARM",28
305-S,MAJESTIC,SOURYA HOSPITAL,"HALASURU, GARUDACHAR PALYA, CHANNASANDRA, NADUVATTI",28
315-J,MAJESTIC,RAMPURA,"HALASURU, K.R. PURAM, AVALAHALLI, BIDARAHALLI, ADURU",28-A
315-K,MAJESTIC,K.R. PURAM,"HALASURU, BENNIGANAHALLI, CHANNASANDRA BRIDGE, RAMURTHY NAGAR",28-A
315-L,MAJESTIC,RAMAMURTHY NAGAR,"HALASURU, BENNIGANAHALLI BRIDGE, RING ROAD",28-A
315-P,MAJESTIC,SHANTI LAYOUT,"HALASURU, BENNIGANAHALLI, RAMURTHY NAGAR, KOWDENAHALLI",28-A
315-T,MAJESTIC,KITHAGANUR,"HALASURU, BENNIGANAHALLI, KOWDENAHALLI, T.C. PALYA",28-A
315-V,MAJESTIC,KADUGODI BALAJI CIRCLE,"HALASURU, K.R. PURAM, SADARAMANGALA, HOODI",28-A
316-B,MAJESTIC,BUDIGERE,"HALASURU, K.R. PURA, AVALAHALLI, BUDIGERE CROSS",28-B
316-E,MAJESTIC,CHEEMASANDRA,"HALASURU, K.R. PURA, AVALAHALLI, CHEEMASANDRA CROSS",28-B
316-G,MAJESTIC,MANDURU,"HALASURU, K.R. PURA, AVALAHALLI, BUDIGERE CROSS",28-B
316-M,MAJESTIC,SINGRAHALLI,"HALASURU, K.R. PURA, BUDIGERE CROSS, BUDIGERE",28-B
317-A,MAJESTIC,HOSAKOTE,"HALASURU, K.R. PURA, BUDIGERE CROSS",28-B
317-P,MAJESTIC,KANNAMANGALA,"HALASURU, K.R. PURA, BUDIGERE CROSS, KAJI SONNENAHALLI",28-B
317-V,MAJESTIC,POOJENA AGRAHARA (NADUVATTI),"HALASURU, K.R.PURA, BUDIGERE CROSS, HOSAKOTE, KODIHALLI, BASAVANAHALLI",28-B
381,MAJESTIC,THIMMASANDRA,"HALASURU, K.R.PURA, BATTARAHALLI, BUDIGERE CROSS, HOSAKOTE",28-B
381-E,MAJESTIC,KAMBIPURA,"HALASURU, K.R.PURA, BATTARAHALLI, BUDIGERE CROSS, HOSAKOTE",28-B
381-A,MAJESTIC,POOJENA AGRAHARA,"HALASURU, K.R.PURA, BATTARAHALLI, BUDIGERE CROSS, HOSAKOTE",28-B
HK-12,MAJESTIC,HOSAKOTE,"HALASURU, K.R.PURA, BATTARAHALLI, BUDIGERE CROSS, HOSAKOTE",28-B
319-F,MAJESTIC,BATTANDURU AGRAHARA,"HALASURU, GARUDACHAR PALYA, HOODI, AGRAHARA",29
319-J,MAJESTIC,AMBEDKAR NAGAR,"HALASURU, GARUDACHAR PALYA, HOODI, BA AGRAHARA",29
320-A,MAJESTIC,NAGONDANAHALLI,"HALASURU, GARUDACHAR PALYA, HOODI, IMMADIHALLI",29
321-J,MAJESTIC,MUTTUKURU,"HALASURU, GARUDACHAR PALYA, HOODI, NAGANAYAKANAKOTE",29
322-A,MAJESTIC,THATHANUR,"HALASURU, CHANNASANDRA, MATKAGURU, MUTHUGADAHALLI",29
323-AK,MAJESTIC,GONIGHATTAPURA,"MARATHAHALLI, VARTHUR, RAMAGONDANAHALLI",29-A
232-F,MAJESTIC,NERIGE,"MARATHAHALLI, VARTHUR, GUNJURU",29-A
325-A,MAJESTIC,HAROHALLI,"MARATHAHALLI, SIDDAPURA, VARTHUR",29-A
327-A,MAJESTIC,DOMMASANDRA,"MARATHAHALLI, VARTHUR, GUNJURU",29-A
327-G,MAJESTIC,KUGUR,"MARATHAHALLI, SIDDAPURA, VARTHUR, NERIGE",29-A
327-K,MAJESTIC,SARJAPURA,"MARATHAHALLI, KADUBISANAHALLI, KANNALI, KODATIGET, HEMARE",29-A
328-E,MAJESTIC,VARTHUR,"MARATHAHALLI, SIDDAPURA, KODI",29-A
328-M,MAJESTIC,MADHURA NAGAR,"MARATHAHALLI, SIDDAPURA, VARTHUR",29-A
334-C,MAJESTIC,NAGASANDRA,"DOMLURU, N.A.L., GOLF CLUB",29-B
334-D,MAJESTIC,VARTHUR,"DOMLURU, HAL, MARATHAHALLI, KODI",29-B
335-AA,MAJESTIC,WHITEFIELD TTMC,"MARATHAHALLI, KUNDALAHALLI, GRAPHIT INDIA",29-B
335-N,MAJESTIC,KADUGODI,"DOMLURU, HAL, MARATHAHALLI, ITPL, HOPE FARM",29-B
335-F,MAJESTIC,LAL BAHADUR SHASTRI NAGAR,"DOMLURU, HAL",29-B
336-B,MAJESTIC,KEMPAPURA,"DOMLURU, HAL, YAMALURU",29-B
KBS-1I,MAJESTIC,KADUGODI,"DOMLURU, HAL, MARATHAHALLI, ITPL, VAIDEHI",29-B
KBS-1K,MAJESTIC,KADUGODI,"DOMLUR, MARATHAHALLI, SIDDAPURA, KODI, WHITEFIELD",29-B
